NIVEL,conteo,columna,SECTOR,AREA,STATUS,MODALIDAD,JORNADA,PLAN,DISTRITO,DEPARTAMENTAL
DIVERSIFICADO,11985,NIVEL,,,,,,,,
,10250,SECTOR,PRIVADO,,,,,,,
,1235,SECTOR,OFICIAL,,,,,,,
,314,SECTOR,COOPERATIVA,,,,,,,
,186,SECTOR,MUNICIPAL,,,,,,,
,9784,AREA,,URBANA,,,,,,
,2198,AREA,,RURAL,,,,,,
,3,AREA,,SIN ESPECIFICAR,,,,,,
,7101,STATUS,,,ABIERTA,,,,,
,2935,STATUS,,,CERRADA TEMPORALMENTE,,,,,
,1837,STATUS,,,CERRADA DEFINITIVAMENTE,,,,,
,109,STATUS,,,TEMPORAL TITULOS,,,,,
,3,STATUS,,,TEMPORAL NOMBRAMIENTO,,,,,
,11607,MODALIDAD,,,,MONOLINGUE,,,,
,378,MODALIDAD,,,,BILINGUE,,,,
,3976,JORNADA,,,,,DOBLE,,,
,3252,JORNADA,,,,,VESPERTINA,,,
,3087,JORNADA,,,,,MATUTINA,,,
,1116,JORNADA,,,,,SIN JORNADA,,,
,424,JORNADA,,,,,NOCTURNA,,,
,130,JORNADA,,,,,INTERMEDIA,,,
,7393,PLAN,,,,,,DIARIO REGULAR,,
,3049,PLAN,,,,,,FIN DE SEMANA,,
,574,PLAN,,,,,,SEMIPRESENCIAL FIN DE SEMANA,,
,436,PLAN,,,,,,SEMIPRESENCIAL UN DIA A LA SEMANA,,
,176,PLAN,,,,,,A DISTANCIA,,
,115,PLAN,,,,,,SEMIPRESENCIAL,,
,69,PLAN,,,,,,VIRTUAL A DISTANCIA,,
,67,PLAN,,,,,,SABATINO,,
,64,PLAN,,,,,,SEMIPRESENCIAL DOS DIAS A LA SEMANA,,
,34,PLAN,,,,,,DOMINICAL,,
,3,PLAN,,,,,,MIXTO,,
,3,PLAN,,,,,,IRREGULAR,,
,2,PLAN,,,,,,INTERCALADO,,
,527,DISTRITO,,,,,,,,
,369,DISTRITO,,,,,,,11 017,
,323,DISTRITO,,,,,,,01 403,
,192,DISTRITO,,,,,,,01 411,
,176,DISTRITO,,,,,,,05 033,
,132,DISTRITO,,,,,,,18 008,
,121,DISTRITO,,,,,,,14 036,
,118,DISTRITO,,,,,,,01 641,
,118,DISTRITO,,,,,,,05 007,
,111,DISTRITO,,,,,,,01 405,
,108,DISTRITO,,,,,,,10 019,
,106,DISTRITO,,,,,,,03 002,
,104,DISTRITO,,,,,,,18 039,
,103,DISTRITO,,,,,,,11 004,
,99,DISTRITO,,,,,,,13 004,
,91,DISTRITO,,,,,,,01 639,
,87,DISTRITO,,,,,,,01 101,
,86,DISTRITO,,,,,,,16 031,
,84,DISTRITO,,,,,,,19 019,
,82,DISTRITO,,,,,,,01 409,
,81,DISTRITO,,,,,,,21 004,
,78,DISTRITO,,,,,,,01 603,
,75,DISTRITO,,,,,,,01 301,
,74,DISTRITO,,,,,,,14 054,
,74,DISTRITO,,,,,,,10 018,
,70,DISTRITO,,,,,,,11 018,
,68,DISTRITO,,,,,,,01 312,
,66,DISTRITO,,,,,,,01,
,62,DISTRITO,,,,,,,05 027,
,61,DISTRITO,,,,,,,13 050,
,60,DISTRITO,,,,,,,03 007,
,60,DISTRITO,,,,,,,12 133,
,59,DISTRITO,,,,,,,01 210,
,59,DISTRITO,,,,,,,01 317,
,59,DISTRITO,,,,,,,09 041,
,59,DISTRITO,,,,,,,01 620,
,57,DISTRITO,,,,,,,09 006,
,57,DISTRITO,,,,,,,03 005,
,55,DISTRITO,,,,,,,05 015,
,53,DISTRITO,,,,,,,01 619,
,53,DISTRITO,,,,,,,01 627,
,53,DISTRITO,,,,,,,01 212,
,50,DISTRITO,,,,,,,01 401,
,50,DISTRITO,,,,,,,11 014,
,50,DISTRITO,,,,,,,01 604,
,50,DISTRITO,,,,,,,03 003,
,49,DISTRITO,,,,,,,01 307,
,49,DISTRITO,,,,,,,05 019,
,49,DISTRITO,,,,,,,01 102,
,47,DISTRITO,,,,,,,01 106,
,46,DISTRITO,,,,,,,01 110,
,46,DISTRITO,,,,,,,14 037,
,45,DISTRITO,,,,,,,05 017,
,45,DISTRITO,,,,,,,01 318,
,44,DISTRITO,,,,,,,01 501,
,43,DISTRITO,,,,,,,17 001,
,43,DISTRITO,,,,,,,22 003,
,43,DISTRITO,,,,,,,01 609,
,42,DISTRITO,,,,,,,04 001,
,41,DISTRITO,,,,,,,01 602,
,41,DISTRITO,,,,,,,12 058,
,40,DISTRITO,,,,,,,04 027,
,40,DISTRITO,,,,,,,16 008,
,40,DISTRITO,,,,,,,22 001,
,39,DISTRITO,,,,,,,04 028,
,39,DISTRITO,,,,,,,01 204,
,39,DISTRITO,,,,,,,01 209,
,38,DISTRITO,,,,,,,03 004,
,38,DISTRITO,,,,,,,17 003,
,38,DISTRITO,,,,,,,01 407,
,37,DISTRITO,,,,,,,99 001,
,37,DISTRITO,,,,,,,19 010,
,36,DISTRITO,,,,,,,09 002,
,35,DISTRITO,,,,,,,09 036,
,34,DISTRITO,,,,,,,12 063,
,34,DISTRITO,,,,,,,06 012,
,33,DISTRITO,,,,,,,01 211,
,33,DISTRITO,,,,,,,12 006,
,33,DISTRITO,,,,,,,01 215,
,33,DISTRITO,,,,,,,18 037,
,33,DISTRITO,,,,,,,09 028,
,33,DISTRITO,,,,,,,01 508,
,32,DISTRITO,,,,,,,17 007,
,32,DISTRITO,,,,,,,01 220,
,32,DISTRITO,,,,,,,01 621,
,32,DISTRITO,,,,,,,09 005,
,31,DISTRITO,,,,,,,05 012,
,31,DISTRITO,,,,,,,10 026,
,31,DISTRITO,,,,,,,01 406,
,31,DISTRITO,,,,,,,18 017,
,31,DISTRITO,,,,,,,01 410,
,30,DISTRITO,,,,,,,14 035,
,29,DISTRITO,,,,,,,13 043,
,29,DISTRITO,,,,,,,07 011,
,29,DISTRITO,,,,,,,07 019,
,29,DISTRITO,,,,,,,20 024,
,29,DISTRITO,,,,,,,13 051,
,29,DISTRITO,,,,,,,06 027,
,28,DISTRITO,,,,,,,03 006,
,28,DISTRITO,,,,,,,14 042,
,28,DISTRITO,,,,,,,14 041,
,28,DISTRITO,,,,,,,01 402,
,28,DISTRITO,,,,,,,20 027,
,28,DISTRITO,,,,,,,17 030,
,27,DISTRITO,,,,,,,15 031,
,27,DISTRITO,,,,,,,01 617,
,27,DISTRITO,,,,,,,17 004,
,27,DISTRITO,,,,,,,15 001,
,26,DISTRITO,,,,,,,01 503,
,26,DISTRITO,,,,,,,10 017,
,26,DISTRITO,,,,,,,01 623,
,26,DISTRITO,,,,,,,08 024,
,26,DISTRITO,,,,,,,10 011,
,26,DISTRITO,,,,,,,16 033,
,26,DISTRITO,,,,,,,01 647,
,25,DISTRITO,,,,,,,19 001,
,25,DISTRITO,,,,,,,04 020,
,25,DISTRITO,,,,,,,05 023,
,25,DISTRITO,,,,,,,10 003,
,25,DISTRITO,,,,,,,12 053,
,25,DISTRITO,,,,,,,08 007,
,25,DISTRITO,,,,,,,01 202,
,25,DISTRITO,,,,,,,16 009,
,24,DISTRITO,,,,,,,01 217,
,23,DISTRITO,,,,,,,01 631,
,23,DISTRITO,,,,,,,01 221,
,23,DISTRITO,,,,,,,17 013,
,23,DISTRITO,,,,,,,01 213,
,23,DISTRITO,,,,,,,12 109,
,23,DISTRITO,,,,,,,01 615,
,23,DISTRITO,,,,,,,01 201,
,22,DISTRITO,,,,,,,19 008,
,22,DISTRITO,,,,,,,04 002,
,22,DISTRITO,,,,,,,06 001,
,22,DISTRITO,,,,,,,09 020,
,22,DISTRITO,,,,,,,11 016,
,22,DISTRITO,,,,,,,09 030,
,21,DISTRITO,,,,,,,01 643,
,21,DISTRITO,,,,,,,04 008,
,21,DISTRITO,,,,,,,04 003,
,21,DISTRITO,,,,,,,01 214,
,21,DISTRITO,,,,,,,13 060,
,20,DISTRITO,,,,,,,01 608,
,20,DISTRITO,,,,,,,05 031,
,20,DISTRITO,,,,,,,13 026,
,20,DISTRITO,,,,,,,01 616,
,20,DISTRITO,,,,,,,12 100,
,20,DISTRITO,,,,,,,01 629,
,20,DISTRITO,,,,,,,12 080,
,20,DISTRITO,,,,,,,01 203,
,20,DISTRITO,,,,,,,12 022,
,20,DISTRITO,,,,,,,01 505,
,20,DISTRITO,,,,,,,01 108,
,20,DISTRITO,,,,,,,14 007,
,20,DISTRITO,,,,,,,17 021,
,19,DISTRITO,,,,,,,01 408,
,19,DISTRITO,,,,,,,22 020,
,19,DISTRITO,,,,,,,01 114,
,19,DISTRITO,,,,,,,02 015,
,19,DISTRITO,,,,,,,17 016,
,19,DISTRITO,,,,,,,17 025,
,19,DISTRITO,,,,,,,01 502,
,19,DISTRITO,,,,,,,22 027,
,18,DISTRITO,,,,,,,01 219,
,18,DISTRITO,,,,,,,15 034,
,18,DISTRITO,,,,,,,01 103,
,18,DISTRITO,,,,,,,16 030,
,18,DISTRITO,,,,,,,16 050,
,18,DISTRITO,,,,,,,09 032,
,18,DISTRITO,,,,,,,25 000,
,18,DISTRITO,,,,,,,14 001,
,18,DISTRITO,,,,,,,12 127,
,18,DISTRITO,,,,,,,01 305,
,18,DISTRITO,,,,,,,04 011,
,18,DISTRITO,,,,,,,01 216,
,17,DISTRITO,,,,,,,22 034,
,17,DISTRITO,,,,,,,01 504,
,17,DISTRITO,,,,,,,09 001,
,17,DISTRITO,,,,,,,16 019,
,17,DISTRITO,,,,,,,20 030,
,17,DISTRITO,,,,,,,02 014,
,17,DISTRITO,,,,,,,17 023,
,17,DISTRITO,,,,,,,22 037,
,17,DISTRITO,,,,,,,17 018,
,17,DISTRITO,,,,,,,01 316,
,17,DISTRITO,,,,,,,10 015,
,17,DISTRITO,,,,,,,13 005,
,17,DISTRITO,,,,,,,13 010,
,17,DISTRITO,,,,,,,10 028,
,16,DISTRITO,,,,,,,01 302,
,16,DISTRITO,,,,,,,04 004,
,16,DISTRITO,,,,,,,20 038,
,16,DISTRITO,,,,,,,01 633,
,16,DISTRITO,,,,,,,01 207,
,16,DISTRITO,,,,,,,03 009,
,16,DISTRITO,,,,,,,01 109,
,16,DISTRITO,,,,,,,22 033,
,16,DISTRITO,,,,,,,01 111,
,16,DISTRITO,,,,,,,10 020,
,16,DISTRITO,,,,,,,17 012,
,16,DISTRITO,,,,,,,13 030,
,15,DISTRITO,,,,,,,12 031,
,15,DISTRITO,,,,,,,01 636,
,15,DISTRITO,,,,,,,12 025,
,15,DISTRITO,,,,,,,22 022,
,15,DISTRITO,,,,,,,01 613,
,15,DISTRITO,,,,,,,01 601,
,15,DISTRITO,,,,,,,02 018,
,15,DISTRITO,,,,,,,16 028,
,15,DISTRITO,,,,,,,01 313,
,15,DISTRITO,,,,,,,20 015,
,15,DISTRITO,,,,,,,08 001,
,15,DISTRITO,,,,,,,13 020,
,15,DISTRITO,,,,,,,09 018,
,15,DISTRITO,,,,,,,13 041,
,15,DISTRITO,,,,,,,01 218,
,15,DISTRITO,,,,,,,17 019,
,15,DISTRITO,,,,,,,21 003,
,15,DISTRITO,,,,,,,12 037,
,14,DISTRITO,,,,,,,15 021,
,14,DISTRITO,,,,,,,18 007,
,14,DISTRITO,,,,,,,13 049,
,14,DISTRITO,,,,,,,16 006,
,14,DISTRITO,,,,,,,13 022,
,14,DISTRITO,,,,,,,05 016,
,14,DISTRITO,,,,,,,05 013,
,14,DISTRITO,,,,,,,09 004,
,14,DISTRITO,,,,,,,01 314,
,14,DISTRITO,,,,,,,01 624,
,14,DISTRITO,,,,,,,14 048,
,14,DISTRITO,,,,,,,18 030,
,14,DISTRITO,,,,,,,14 013,
,13,DISTRITO,,,,,,,12 048,
,13,DISTRITO,,,,,,,12 107,
,13,DISTRITO,,,,,,,11 019,
,13,DISTRITO,,,,,,,09 031,
,13,DISTRITO,,,,,,,06 025,
,13,DISTRITO,,,,,,,19 012,
,13,DISTRITO,,,,,,,01 606,
,13,DISTRITO,,,,,,,20 004,
,13,DISTRITO,,,,,,,12 105,
,13,DISTRITO,,,,,,,22 017,
,13,DISTRITO,,,,,,,12 117,
,13,DISTRITO,,,,,,,12 134,
,13,DISTRITO,,,,,,,22 009,
,13,DISTRITO,,,,,,,17 011,
,13,DISTRITO,,,,,,,17 022,
,13,DISTRITO,,,,,,,01 104,
,13,DISTRITO,,,,,,,17 020,
,13,DISTRITO,,,,,,,12 115,
,13,DISTRITO,,,,,,,07 013,
,13,DISTRITO,,,,,,,12 001,
,13,DISTRITO,,,,,,,17 029,
,13,DISTRITO,,,,,,,17 006,
,13,DISTRITO,,,,,,,01 612,
,13,DISTRITO,,,,,,,01 001,
,12,DISTRITO,,,,,,,04 024,
,12,DISTRITO,,,,,,,01 304,
,12,DISTRITO,,,,,,,01 607,
,12,DISTRITO,,,,,,,10 021,
,12,DISTRITO,,,,,,,13 025,
,12,DISTRITO,,,,,,,17 026,
,12,DISTRITO,,,,,,,11 021,
,12,DISTRITO,,,,,,,03 001,
,12,DISTRITO,,,,,,,05 018,
,12,DISTRITO,,,,,,,16 026,
,12,DISTRITO,,,,,,,09 022,
,12,DISTRITO,,,,,,,16 005,
,12,DISTRITO,,,,,,,19 021,
,12,DISTRITO,,,,,,,18 005,
,12,DISTRITO,,,,,,,01 625,
,12,DISTRITO,,,,,,,15 029,
,12,DISTRITO,,,,,,,16 024,
,12,DISTRITO,,,,,,,02 004,
,12,DISTRITO,,,,,,,04 033,
,12,DISTRITO,,,,,,,09 017,
,12,DISTRITO,,,,,,,13 016,
,12,DISTRITO,,,,,,,01 208,
,12,DISTRITO,,,,,,,14 030,
,12,DISTRITO,,,,,,,21 020,
,11,DISTRITO,,,,,,,22 035,
,11,DISTRITO,,,,,,,12 130,
,11,DISTRITO,,,,,,,01 319,
,11,DISTRITO,,,,,,,07 015,
,11,DISTRITO,,,,,,,17 008,
,11,DISTRITO,,,,,,,17 002,
,11,DISTRITO,,,,,,,01 622,
,11,DISTRITO,,,,,,,01 105,
,11,DISTRITO,,,,,,,18 020,
,11,DISTRITO,,,,,,,12 124,
,11,DISTRITO,,,,,,,01 509,
,11,DISTRITO,,,,,,,21 011,
,11,DISTRITO,,,,,,,09 042,
,11,DISTRITO,,,,,,,13 029,
,11,DISTRITO,,,,,,,13 008,
,11,DISTRITO,,,,,,,05 014,
,11,DISTRITO,,,,,,,04 025,
,11,DISTRITO,,,,,,,02 003,
,11,DISTRITO,,,,,,,16 022,
,11,DISTRITO,,,,,,,03 010,
,11,DISTRITO,,,,,,,22 026,
,11,DISTRITO,,,,,,,15 030,
,11,DISTRITO,,,,,,,03 008,
,11,DISTRITO,,,,,,,01 113,
,11,DISTRITO,,,,,,,20 037,
,11,DISTRITO,,,,,,,01 303,
,11,DISTRITO,,,,,,,04 014,
,11,DISTRITO,,,,,,,05 009,
,10,DISTRITO,,,,,,,22 028,
,10,DISTRITO,,,,,,,22 023,
,10,DISTRITO,,,,,,,20 035,
,10,DISTRITO,,,,,,,20 041,
,10,DISTRITO,,,,,,,13 034,
,10,DISTRITO,,,,,,,07 030,
,10,DISTRITO,,,,,,,22 029,
,10,DISTRITO,,,,,,,14 026,
,10,DISTRITO,,,,,,,14 024,
,10,DISTRITO,,,,,,,04 023,
,10,DISTRITO,,,,,,,19 018,
,10,DISTRITO,,,,,,,10 004,
,10,DISTRITO,,,,,,,01 644,
,10,DISTRITO,,,,,,,16 012,
,10,DISTRITO,,,,,,,13 014,
,10,DISTRITO,,,,,,,01 315,
,10,DISTRITO,,,,,,,16 036,
,10,DISTRITO,,,,,,,09 009,
,10,DISTRITO,,,,,,,06 019,
,10,DISTRITO,,,,,,,21 009,
,10,DISTRITO,,,,,,,04 030,
,9,DISTRITO,,,,,,,01 107,
,9,DISTRITO,,,,,,,22 004,
,9,DISTRITO,,,,,,,01 308,
,9,DISTRITO,,,,,,,01 510,
,9,DISTRITO,,,,,,,07 006,
,9,DISTRITO,,,,,,,01 632,
,9,DISTRITO,,,,,,,22 013,
,9,DISTRITO,,,,,,,02 013,
,9,DISTRITO,,,,,,,04 006,
,9,DISTRITO,,,,,,,09 012,
,9,DISTRITO,,,,,,,01 310,
,9,DISTRITO,,,,,,,04 012,
,9,DISTRITO,,,,,,,20 040,
,9,DISTRITO,,,,,,,20 018,
,9,DISTRITO,,,,,,,18 009,
,9,DISTRITO,,,,,,,09 007,
,9,DISTRITO,,,,,,,16 013,
,9,DISTRITO,,,,,,,01 206,
,9,DISTRITO,,,,,,,13 040,
,9,DISTRITO,,,,,,,06 017,
,9,DISTRITO,,,,,,,06 023,
,9,DISTRITO,,,,,,,08 016,
,8,DISTRITO,,,,,,,01 635,
,8,DISTRITO,,,,,,,10 009,
,8,DISTRITO,,,,,,,01 610,
,8,DISTRITO,,,,,,,04 018,
,8,DISTRITO,,,,,,,02 019,
,8,DISTRITO,,,,,,,20 014,
,8,DISTRITO,,,,,,,20 001,
,8,DISTRITO,,,,,,,10 016,
,8,DISTRITO,,,,,,,16 015,
,8,DISTRITO,,,,,,,16 021,
,8,DISTRITO,,,,,,,07 003,
,8,DISTRITO,,,,,,,16 017,
,8,DISTRITO,,,,,,,13 039,
,8,DISTRITO,,,,,,,13 032,
,8,DISTRITO,,,,,,,12 101,
,8,DISTRITO,,,,,,,12 093,
,8,DISTRITO,,,,,,,21 013,
,8,DISTRITO,,,,,,,09 024,
,8,DISTRITO,,,,,,,09 034,
,8,DISTRITO,,,,,,,06 037,
,8,DISTRITO,,,,,,,05 029,
,8,DISTRITO,,,,,,,13 042,
,8,DISTRITO,,,,,,,02 008,
,8,DISTRITO,,,,,,,12 028,
,8,DISTRITO,,,,,,,12 088,
,8,DISTRITO,,,,,,,17 009,
,8,DISTRITO,,,,,,,04 034,
,8,DISTRITO,,,,,,,19 013,
,7,DISTRITO,,,,,,,22 007,
,7,DISTRITO,,,,,,,07 014,
,7,DISTRITO,,,,,,,10 010,
,7,DISTRITO,,,,,,,04 005,
,7,DISTRITO,,,,,,,12 055,
,7,DISTRITO,,,,,,,15 016,
,7,DISTRITO,,,,,,,04 016,
,7,DISTRITO,,,,,,,02 012,
,7,DISTRITO,,,,,,,02 020,
,7,DISTRITO,,,,,,,15 015,
,7,DISTRITO,,,,,,,19 011,
,7,DISTRITO,,,,,,,15 024,
,7,DISTRITO,,,,,,,01 412,
,7,DISTRITO,,,,,,,01 205,
,7,DISTRITO,,,,,,,21 019,
,7,DISTRITO,,,,,,,01 618,
,7,DISTRITO,,,,,,,04 009,
,7,DISTRITO,,,,,,,09 039,
,7,DISTRITO,,,,,,,06 008,
,7,DISTRITO,,,,,,,14 045,
,7,DISTRITO,,,,,,,12 076,
,7,DISTRITO,,,,,,,01 637,
,7,DISTRITO,,,,,,,22 025,
,7,DISTRITO,,,,,,,22 039,
,7,DISTRITO,,,,,,,07 017,
,7,DISTRITO,,,,,,,19 015,
,7,DISTRITO,,,,,,,18 033,
,7,DISTRITO,,,,,,,12 110,
,7,DISTRITO,,,,,,,01 640,
,7,DISTRITO,,,,,,,12 050,
,7,DISTRITO,,,,,,,13 023,
,7,DISTRITO,,,,,,,06 036,
,6,DISTRITO,,,,,,,19 006,
,6,DISTRITO,,,,,,,19 005,
,6,DISTRITO,,,,,,,14 034,
,6,DISTRITO,,,,,,,10 005,
,6,DISTRITO,,,,,,,02 006,
,6,DISTRITO,,,,,,,14 022,
,6,DISTRITO,,,,,,,14 025,
,6,DISTRITO,,,,,,,14 029,
,6,DISTRITO,,,,,,,14 023,
,6,DISTRITO,,,,,,,22 011,
,6,DISTRITO,,,,,,,22 010,
,6,DISTRITO,,,,,,,07 007,
,6,DISTRITO,,,,,,,14 033,
,6,DISTRITO,,,,,,,22 019,
,6,DISTRITO,,,,,,,14 039,
,6,DISTRITO,,,,,,,12 038,
,6,DISTRITO,,,,,,,21 016,
,6,DISTRITO,,,,,,,14 015,
,6,DISTRITO,,,,,,,14 050,
,6,DISTRITO,,,,,,,21 002,
,6,DISTRITO,,,,,,,14 049,
,6,DISTRITO,,,,,,,13 011,
,6,DISTRITO,,,,,,,03 016,
,6,DISTRITO,,,,,,,13 033,
,6,DISTRITO,,,,,,,21 006,
,6,DISTRITO,,,,,,,14 018,
,6,DISTRITO,,,,,,,05 011,
,6,DISTRITO,,,,,,,05 022,
,6,DISTRITO,,,,,,,07 004,
,6,DISTRITO,,,,,,,20 034,
,6,DISTRITO,,,,,,,20 043,
,6,DISTRITO,,,,,,,09 010,
,6,DISTRITO,,,,,,,09 015,
,6,DISTRITO,,,,,,,15 035,
,6,DISTRITO,,,,,,,04 029,
,6,DISTRITO,,,,,,,04 015,
,6,DISTRITO,,,,,,,04 019,
,5,DISTRITO,,,,,,,08 019,
,5,DISTRITO,,,,,,,10 029,
,5,DISTRITO,,,,,,,18 011,
,5,DISTRITO,,,,,,,01 628,
,5,DISTRITO,,,,,,,07 008,
,5,DISTRITO,,,,,,,07 016,
,5,DISTRITO,,,,,,,07 022,
,5,DISTRITO,,,,,,,07 009,
,5,DISTRITO,,,,,,,04 013,
,5,DISTRITO,,,,,,,06 039,
,5,DISTRITO,,,,,,,06 005,
,5,DISTRITO,,,,,,,12 052,
,5,DISTRITO,,,,,,,12 044,
,5,DISTRITO,,,,,,,19 007,
,5,DISTRITO,,,,,,,18 036,
,5,DISTRITO,,,,,,,20 017,
,5,DISTRITO,,,,,,,16 027,
,5,DISTRITO,,,,,,,09 011,
,5,DISTRITO,,,,,,,09 026,
,5,DISTRITO,,,,,,,01 112,
,5,DISTRITO,,,,,,,14 004,
,5,DISTRITO,,,,,,,17 024,
,5,DISTRITO,,,,,,,06 007,
,5,DISTRITO,,,,,,,17 014,
,5,DISTRITO,,,,,,,17 017,
,5,DISTRITO,,,,,,,13 006,
,5,DISTRITO,,,,,,,16 011,
,5,DISTRITO,,,,,,,14 006,
,5,DISTRITO,,,,,,,12 121,
,5,DISTRITO,,,,,,,12 074,
,5,DISTRITO,,,,,,,13 057,
,5,DISTRITO,,,,,,,01 605,
,5,DISTRITO,,,,,,,01 611,
,5,DISTRITO,,,,,,,22 012,
,5,DISTRITO,,,,,,,22 024,
,5,DISTRITO,,,,,,,12 112,
,5,DISTRITO,,,,,,,06 024,
,5,DISTRITO,,,,,,,17 010,
,4,DISTRITO,,,,,,,10 008,
,4,DISTRITO,,,,,,,20 039,
,4,DISTRITO,,,,,,,19 009,
,4,DISTRITO,,,,,,,08 009,
,4,DISTRITO,,,,,,,02 021,
,4,DISTRITO,,,,,,,02 002,
,4,DISTRITO,,,,,,,13 009,
,4,DISTRITO,,,,,,,14 011,
,4,DISTRITO,,,,,,,14 012,
,4,DISTRITO,,,,,,,06 035,
,4,DISTRITO,,,,,,,12 129,
,4,DISTRITO,,,,,,,21 018,
,4,DISTRITO,,,,,,,12 092,
,4,DISTRITO,,,,,,,12 118,
,4,DISTRITO,,,,,,,12 089,
,4,DISTRITO,,,,,,,21 025,
,4,DISTRITO,,,,,,,12 125,
,4,DISTRITO,,,,,,,12 116,
,4,DISTRITO,,,,,,,22 015,
,4,DISTRITO,,,,,,,09 035,
,4,DISTRITO,,,,,,,14 019,
,4,DISTRITO,,,,,,,01 642,
,4,DISTRITO,,,,,,,15 026,
,4,DISTRITO,,,,,,,04 035,
,4,DISTRITO,,,,,,,13 012,
,4,DISTRITO,,,,,,,13 017,
,4,DISTRITO,,,,,,,16 023,
,4,DISTRITO,,,,,,,09 025,
,4,DISTRITO,,,,,,,05 001,
,4,DISTRITO,,,,,,,05 028,
,4,DISTRITO,,,,,,,04 007,
,4,DISTRITO,,,,,,,07 028,
,4,DISTRITO,,,,,,,04 017,
,4,DISTRITO,,,,,,,15 018,
,4,DISTRITO,,,,,,,04 022,
,4,DISTRITO,,,,,,,13 036,
,4,DISTRITO,,,,,,,14 032,
,4,DISTRITO,,,,,,,12 012,
,4,DISTRITO,,,,,,,22 032,
,4,DISTRITO,,,,,,,02 022,
,4,DISTRITO,,,,,,,01 614,
,4,DISTRITO,,,,,,,12 069,
,4,DISTRITO,,,,,,,01 645,
,4,DISTRITO,,,,,,,01 506,
,4,DISTRITO,,,,,,,14 051,
,4,DISTRITO,,,,,,,13 021,
,3,DISTRITO,,,,,,,18 021,
,3,DISTRITO,,,,,,,10 006,
,3,DISTRITO,,,,,,,10 013,
,3,DISTRITO,,,,,,,08 021,
,3,DISTRITO,,,,,,,03 012,
,3,DISTRITO,,,,,,,09 027,
,3,DISTRITO,,,,,,,07 032,
,3,DISTRITO,,,,,,,15 032,
,3,DISTRITO,,,,,,,16 025,
,3,DISTRITO,,,,,,,09 043,
,3,DISTRITO,,,,,,,04 036,
,3,DISTRITO,,,,,,,07 021,
,3,DISTRITO,,,,,,,04 021,
,3,DISTRITO,,,,,,,18 024,
,3,DISTRITO,,,,,,,15 006,
,3,DISTRITO,,,,,,,16 055,
,3,DISTRITO,,,,,,,16 007,
,3,DISTRITO,,,,,,,11 015,
,3,DISTRITO,,,,,,,17 044,
,3,DISTRITO,,,,,,,09 040,
,3,DISTRITO,,,,,,,06 031,
,3,DISTRITO,,,,,,,06 009,
,3,DISTRITO,,,,,,,17 015,
,3,DISTRITO,,,,,,,16 010,
,3,DISTRITO,,,,,,,16 046,
,3,DISTRITO,,,,,,,16 042,
,3,DISTRITO,,,,,,,14 053,
,3,DISTRITO,,,,,,,16 018,
,3,DISTRITO,,,,,,,05 010,
,3,DISTRITO,,,,,,,13 048,
,3,DISTRITO,,,,,,,17 049,
,3,DISTRITO,,,,,,,13 028,
,3,DISTRITO,,,,,,,02 023,
,3,DISTRITO,,,,,,,12 060,
,3,DISTRITO,,,,,,,12 073,
,3,DISTRITO,,,,,,,22 016,
,3,DISTRITO,,,,,,,22 014,
,3,DISTRITO,,,,,,,12 096,
,3,DISTRITO,,,,,,,12 035,
,3,DISTRITO,,,,,,,12 032,
,3,DISTRITO,,,,,,,12 103,
,3,DISTRITO,,,,,,,13 038,
,3,DISTRITO,,,,,,,13 046,
,3,DISTRITO,,,,,,,12 021,
,3,DISTRITO,,,,,,,12 082,
,3,DISTRITO,,,,,,,10 023,
,3,DISTRITO,,,,,,,22 002,
,3,DISTRITO,,,,,,,01 413,
,3,DISTRITO,,,,,,,10 014,
,3,DISTRITO,,,,,,,08 012,
,3,DISTRITO,,,,,,,08 015,
,3,DISTRITO,,,,,,,08 025,
,3,DISTRITO,,,,,,,08 023,
,2,DISTRITO,,,,,,,19 020,
,2,DISTRITO,,,,,,,08 014,
,2,DISTRITO,,,,,,,02 001,
,2,DISTRITO,,,,,,,12 131,
,2,DISTRITO,,,,,,,01 649,
,2,DISTRITO,,,,,,,10 025,
,2,DISTRITO,,,,,,,12 026,
,2,DISTRITO,,,,,,,14 040,
,2,DISTRITO,,,,,,,17 042,
,2,DISTRITO,,,,,,,06 020,
,2,DISTRITO,,,,,,,12 008,
,2,DISTRITO,,,,,,,12 047,
,2,DISTRITO,,,,,,,12 106,
,2,DISTRITO,,,,,,,12 090,
,2,DISTRITO,,,,,,,22 021,
,2,DISTRITO,,,,,,,22 036,
,2,DISTRITO,,,,,,,12 086,
,2,DISTRITO,,,,,,,12 016,
,2,DISTRITO,,,,,,,12 017,
,2,DISTRITO,,,,,,,06 021,
,2,DISTRITO,,,,,,,13 058,
,2,DISTRITO,,,,,,,13 035,
,2,DISTRITO,,,,,,,12 119,
,2,DISTRITO,,,,,,,22 030,
,2,DISTRITO,,,,,,,12 113,
,2,DISTRITO,,,,,,,22 006,
,2,DISTRITO,,,,,,,07 002,
,2,DISTRITO,,,,,,,16 038,
,2,DISTRITO,,,,,,,07 010,
,2,DISTRITO,,,,,,,07 024,
,2,DISTRITO,,,,,,,04 026,
,2,DISTRITO,,,,,,,07 018,
,2,DISTRITO,,,,,,,20 003,
,2,DISTRITO,,,,,,,20 042,
,2,DISTRITO,,,,,,,18 001,
,2,DISTRITO,,,,,,,10 001,
,2,DISTRITO,,,,,,,09 016,
,2,DISTRITO,,,,,,,09 021,
,2,DISTRITO,,,,,,,07 005,
,2,DISTRITO,,,,,,,09 023,
,2,DISTRITO,,,,,,,20 007,
,2,DISTRITO,,,,,,,20 044,
,2,DISTRITO,,,,,,,16 014,
,2,DISTRITO,,,,,,,16 020,
,2,DISTRITO,,,,,,,05 006,
,2,DISTRITO,,,,,,,14 020,
,2,DISTRITO,,,,,,,16 004,
,2,DISTRITO,,,,,,,13 013,
,2,DISTRITO,,,,,,,14 003,
,2,DISTRITO,,,,,,,06 032,
,2,DISTRITO,,,,,,,17 031,
,2,DISTRITO,,,,,,,13 027,
,2,DISTRITO,,,,,,,06 040,
,2,DISTRITO,,,,,,,17 038,
,2,DISTRITO,,,,,,,17,
,2,DISTRITO,,,,,,,01 630,
,2,DISTRITO,,,,,,,14 010,
,2,DISTRITO,,,,,,,18 041,
,2,DISTRITO,,,,,,,17 045,
,2,DISTRITO,,,,,,,11 011,
,2,DISTRITO,,,,,,,11 007,
,2,DISTRITO,,,,,,,16 037,
,2,DISTRITO,,,,,,,11 003,
,2,DISTRITO,,,,,,,16 016,
,2,DISTRITO,,,,,,,16 040,
,2,DISTRITO,,,,,,,11 022,
,2,DISTRITO,,,,,,,14 005,
,2,DISTRITO,,,,,,,14 009,
,2,DISTRITO,,,,,,,14 055,
,2,DISTRITO,,,,,,,17 043,
,1,DISTRITO,,,,,,,01 404,
,1,DISTRITO,,,,,,,06 003,
,1,DISTRITO,,,,,,,12 027,
,1,DISTRITO,,,,,,,18 028,
,1,DISTRITO,,,,,,,08 002,
,1,DISTRITO,,,,,,,08 003,
,1,DISTRITO,,,,,,,19 002,
,1,DISTRITO,,,,,,,12 067,
,1,DISTRITO,,,,,,,21 012,
,1,DISTRITO,,,,,,,12 135,
,1,DISTRITO,,,,,,,21 008,
,1,DISTRITO,,,,,,,21 024,
,1,DISTRITO,,,,,,,18 026,
,1,DISTRITO,,,,,,,12 043,
,1,DISTRITO,,,,,,,08 022,
,1,DISTRITO,,,,,,,18 032,
,1,DISTRITO,,,,,,,02 010,
,1,DISTRITO,,,,,,,18 046,
,1,DISTRITO,,,,,,,18 019,
,1,DISTRITO,,,,,,,22 038,
,1,DISTRITO,,,,,,,13 052,
,1,DISTRITO,,,,,,,13 007,
,1,DISTRITO,,,,,,,13 045,
,1,DISTRITO,,,,,,,16 053,
,1,DISTRITO,,,,,,,17 034,
,1,DISTRITO,,,,,,,06 029,
,1,DISTRITO,,,,,,,06 016,
,1,DISTRITO,,,,,,,14 031,
,1,DISTRITO,,,,,,,02 011,
,1,DISTRITO,,,,,,,17 047,
,1,DISTRITO,,,,,,,12 056,
,1,DISTRITO,,,,,,,17 048,
,1,DISTRITO,,,,,,,13 024,
,1,DISTRITO,,,,,,,13 037,
,1,DISTRITO,,,,,,,13 031,
,1,DISTRITO,,,,,,,13 055,
,1,DISTRITO,,,,,,,13 061,
,1,DISTRITO,,,,,,,13 056,
,1,DISTRITO,,,,,,,12 137,
,1,DISTRITO,,,,,,,06 022,
,1,DISTRITO,,,,,,,22 005,
,1,DISTRITO,,,,,,,12 104,
,1,DISTRITO,,,,,,,12 040,
,1,DISTRITO,,,,,,,21 005,
,1,DISTRITO,,,,,,,12 102,
,1,DISTRITO,,,,,,,21 001,
,1,DISTRITO,,,,,,,12 097,
,1,DISTRITO,,,,,,,12 140,
,1,DISTRITO,,,,,,,22 018,
,1,DISTRITO,,,,,,,12 018,
,1,DISTRITO,,,,,,,12 071,
,1,DISTRITO,,,,,,,01 646,
,1,DISTRITO,,,,,,,12 039,
,1,DISTRITO,,,,,,,20 008,
,1,DISTRITO,,,,,,,09 008,
,1,DISTRITO,,,,,,,09,
,1,DISTRITO,,,,,,,01 116,
,1,DISTRITO,,,,,,,05 008,
,1,DISTRITO,,,,,,,13 001,
,1,DISTRITO,,,,,,,16 041,
,1,DISTRITO,,,,,,,13 018,
,1,DISTRITO,,,,,,,13 015,
,1,DISTRITO,,,,,,,01 115,
,1,DISTRITO,,,,,,,16 048,
,1,DISTRITO,,,,,,,09 014,
,1,DISTRITO,,,,,,,16 039,
,1,DISTRITO,,,,,,,20 011,
,1,DISTRITO,,,,,,,16 045,
,1,DISTRITO,,,,,,,04 010,
,1,DISTRITO,,,,,,,07 023,
,1,DISTRITO,,,,,,,07 031,
,1,DISTRITO,,,,,,,07 001,
,1,DISTRITO,,,,,,,16 029,
,1,DISTRITO,,,,,,,20 021,
,1,DISTRITO,,,,,,,15 011,
,1,DISTRITO,,,,,,,20 002,
,1,DISTRITO,,,,,,,10 002,
,1,DISTRITO,,,,,,,07 027,
,1,DISTRITO,,,,,,,10 007,
,1,DISTRITO,,,,,,,10,
,1,DISTRITO,,,,,,,18 040,
,1,DISTRITO,,,,,,,18 013,
,1,DISTRITO,,,,,,,18 016,
,1,DISTRITO,,,,,,,18 015,
,1456,DEPARTAMENTAL,,,,,,,,GUATEMALA NORTE
,992,DEPARTAMENTAL,,,,,,,,GUATEMALA OCCIDENTE
,983,DEPARTAMENTAL,,,,,,,,GUATEMALA SUR
,698,DEPARTAMENTAL,,,,,,,,ESCUINTLA
,663,DEPARTAMENTAL,,,,,,,,RETALHULEU
,661,DEPARTAMENTAL,,,,,,,,SAN MARCOS
,557,DEPARTAMENTAL,,,,,,,,HUEHUETENANGO
,535,DEPARTAMENTAL,,,,,,,,QUETZALTENANGO
,504,DEPARTAMENTAL,,,,,,,,GUATEMALA ORIENTE
,489,DEPARTAMENTAL,,,,,,,,PETEN
,451,DEPARTAMENTAL,,,,,,,,QUICHE
,430,DEPARTAMENTAL,,,,,,,,SUCHITEPEQUEZ
,424,DEPARTAMENTAL,,,,,,,,ALTA VERAPAZ
,423,DEPARTAMENTAL,,,,,,,,CHIMALTENANGO
,408,DEPARTAMENTAL,,,,,,,,SACATEPEQUEZ
,406,DEPARTAMENTAL,,,,,,,,IZABAL
,369,DEPARTAMENTAL,,,,,,,,JUTIAPA
,255,DEPARTAMENTAL,,,,,,,,ZACAPA
,222,DEPARTAMENTAL,,,,,,,,CHIQUIMULA
,194,DEPARTAMENTAL,,,,,,,,SANTA ROSA
,183,DEPARTAMENTAL,,,,,,,,SOLOLA
,177,DEPARTAMENTAL,,,,,,,,JALAPA
,153,DEPARTAMENTAL,,,,,,,,BAJA VERAPAZ
,145,DEPARTAMENTAL,,,,,,,,EL PROGRESO
,109,DEPARTAMENTAL,,,,,,,,TOTONICAPAN
,98,DEPARTAMENTAL,,,,,,,,QUICHE NORTE
